t,M
0.0,150.0
1.0,149.99995555555554
2.0,149.99991111108477
3.0,149.99986666658765
4.0,149.99982222206418
5.0,149.9997777775144
6.0,149.99973333293826
7.0,149.99968888833578
8.0,149.99964444370698
9.0,149.99959999905184
10.0,149.99955555437035
11.0,149.99951110966254
12.0,149.99946666492838
13.0,149.99942222016787
14.0,149.99937777538105
15.0,149.99933333056788
16.0,149.99928888572836
17.0,149.99924444086253
18.0,149.99919999597034
19.0,149.9991555510518
20.0,149.99911110610694
21.0,149.99906666113574
22.0,149.9990222161382
23.0,149.9989777711143
24.0,149.9989333260641
25.0,149.99888888098755
26.0,149.99884443588465
27.0,149.99879999075543
28.0,149.99875554559986
29.0,149.99871110041795
30.0,149.9986666552097
31.0,149.9986222099751
32.0,149.99857776471418
33.0,149.9985333194269
34.0,149.99848887411332
35.0,149.99844442877338
36.0,149.9983999834071
37.0,149.9983555380145
38.0,149.99831109259554
39.0,149.99826664715025
40.0,149.9982222016786
41.0,149.99817775618064
42.0,149.99813331065633
43.0,149.99808886510567
44.0,149.99804441952867
45.0,149.99799997392535
46.0,149.99795552829568
47.0,149.99791108263966
48.0,149.99786663695733
49.0,149.99782219124864
50.0,149.99777774551362
51.0,149.99773329975224
52.0,149.99768885396455
53.0,149.9976444081505
54.0,149.99759996231012
55.0,149.99755551644338
56.0,149.99751107055033
57.0,149.99746662463093
58.0,149.99742217868518
59.0,149.9973777327131
60.0,149.99733328671468
61.0,149.99728884068992
62.0,149.9972443946388
63.0,149.99719994856136
64.0,149.9971555024576
65.0,149.99711105632747
66.0,149.997066610171
67.0,149.9970221639882
68.0,149.99697771777906
69.0,149.99693327154358
70.0,149.99688882528176
71.0,149.9968443789936
72.0,149.9967999326791
73.0,149.99675548633826
74.0,149.99671103997107
75.0,149.99666659357754
76.0,149.9966221471577
77.0,149.9965777007115
78.0,149.99653325423895
79.0,149.99648880774006
80.0,149.99644436121483
81.0,149.99639991466327
82.0,149.99635546808537
83.0,149.99631102148112
84.0,149.99626657485052
85.0,149.9962221281936
86.0,149.99617768151035
87.0,149.99613323480074
88.0,149.99608878806478
89.0,149.99604434130248
90.0,149.99599989451386
91.0,149.9959554476989
92.0,149.99591100085757
93.0,149.9958665539899
94.0,149.9958221070959
95.0,149.99577766017558
96.0,149.9957332132289
97.0,149.99568876625588
98.0,149.9956443192565
99.0,149.9955998722308
100.0,149.99555542517876
101.0,149.99551097810038
102.0,149.99546653099566
103.0,149.99542208386458
104.0,149.99537763670716
105.0,149.99533318952342
106.0,149.99528874231333
107.0,149.9952442950769
108.0,149.99519984781412
109.0,149.995155400525
110.0,149.99511095320955
111.0,149.99506650586775
112.0,149.99502205849961
113.0,149.99497761110513
114.0,149.9949331636843
115.0,149.99488871623714
116.0,149.99484426876364
117.0,149.9947998212638
118.0,149.9947553737376
119.0,149.99471092618506
120.0,149.99466647860618
121.0,149.99462203100097
122.0,149.99457758336942
123.0,149.99453313571152
124.0,149.99448868802727
125.0,149.99444424031668
126.0,149.99439979257974
127.0,149.99435534481648
128.0,149.99431089702688
129.0,149.99426644921093
130.0,149.99422200136863
131.0,149.99417755349998
132.0,149.994133105605
133.0,149.99408865768365
134.0,149.994044209736
135.0,149.99399976176198
136.0,149.99395531376163
137.0,149.99391086573493
138.0,149.9938664176819
139.0,149.9938219696025
140.0,149.99377752149678
141.0,149.99373307336472
142.0,149.99368862520632
143.0,149.99364417702157
144.0,149.99359972881047
145.0,149.99355528057302
146.0,149.99351083230923
147.0,149.9934663840191
148.0,149.99342193570263
149.0,149.99337748735982
150.0,149.99333303899067
151.0,149.99328859059517
152.0,149.99324414217332
153.0,149.99319969372513
154.0,149.9931552452506
155.0,149.9931107967497
156.0,149.9930663482225
157.0,149.99302189966895
158.0,149.99297745108905
159.0,149.9929330024828
160.0,149.9928885538502
161.0,149.99284410519127
162.0,149.99279965650598
163.0,149.99275520779435
164.0,149.9927107590564
165.0,149.9926663102921
166.0,149.99262186150145
167.0,149.99257741268445
168.0,149.99253296384111
169.0,149.99248851497143
170.0,149.9924440660754
171.0,149.992399617153
172.0,149.99235516820428
173.0,149.9923107192292
174.0,149.99226627022782
175.0,149.99222182120008
176.0,149.992177372146
177.0,149.99213292306555
178.0,149.99208847395877
179.0,149.99204402482565
180.0,149.99199957566617
181.0,149.99195512648035
182.0,149.99191067726818
183.0,149.99186622802966
184.0,149.9918217787648
185.0,149.99177732947362
186.0,149.9917328801561
187.0,149.99168843081222
188.0,149.991643981442
189.0,149.99159953204543
190.0,149.9915550826225
191.0,149.99151063317325
192.0,149.99146618369764
193.0,149.99142173419568
194.0,149.99137728466738
195.0,149.99133283511273
196.0,149.99128838553173
197.0,149.9912439359244
198.0,149.9911994862907
199.0,149.9911550366307
200.0,149.99111058694433
201.0,149.99106613723163
202.0,149.99102168749258
203.0,149.99097723772718
204.0,149.99093278793544
205.0,149.99088833811734
206.0,149.9908438882729
207.0,149.99079943840212
208.0,149.990754988505
209.0,149.9907105385815
210.0,149.99066608863168
211.0,149.9906216386555
212.0,149.990577188653
213.0,149.99053273862413
214.0,149.9904882885689
215.0,149.99044383848735
216.0,149.99039938837944
217.0,149.9903549382452
218.0,149.9903104880846
219.0,149.99026603789767
220.0,149.9902215876844
221.0,149.9901771374448
222.0,149.99013268717883
223.0,149.99008823688652
224.0,149.99004378656787
225.0,149.98999933622287
226.0,149.98995488585152
227.0,149.98991043545382
228.0,149.98986598502978
229.0,149.9898215345794
230.0,149.98977708410266
231.0,149.98973263359957
232.0,149.98968818307014
233.0,149.98964373251437
234.0,149.98959928193224
235.0,149.98955483132377
236.0,149.98951038068896
237.0,149.9894659300278
238.0,149.98942147934028
239.0,149.98937702862642
240.0,149.98933257788622
241.0,149.98928812711966
242.0,149.98924367632677
243.0,149.98919922550752
244.0,149.98915477466193
245.0,149.98911032379
246.0,149.9890658728917
247.0,149.98902142196707
248.0,149.9889769710161
249.0,149.98893252003876
250.0,149.98888806903508
251.0,149.98884361800506
252.0,149.9887991669487
253.0,149.98875471586598
254.0,149.98871026475692
255.0,149.9886658136215
256.0,149.98862136245975
257.0,149.98857691127165
258.0,149.9885324600572
259.0,149.9884880088164
260.0,149.98844355754926
261.0,149.98839910625577
262.0,149.98835465493593
263.0,149.98831020358975
264.0,149.98826575221722
265.0,149.98822130081834
266.0,149.9881768493931
267.0,149.98813239794154
268.0,149.98808794646362
269.0,149.98804349495936
270.0,149.98799904342872
271.0,149.98795459187173
272.0,149.9879101402884
273.0,149.9878656886787
274.0,149.98782123704268
275.0,149.9877767853803
276.0,149.98773233369158
277.0,149.9876878819765
278.0,149.9876434302351
279.0,149.98759897846733
280.0,149.98755452667322
281.0,149.98751007485276
282.0,149.98746562300596
283.0,149.9874211711328
284.0,149.9873767192333
285.0,149.98733226730747
286.0,149.98728781535527
287.0,149.98724336337673
288.0,149.98719891137185
289.0,149.98715445934062
290.0,149.987110007283
291.0,149.98706555519905
292.0,149.98702110308875
293.0,149.9869766509521
294.0,149.9869321987891
295.0,149.98688774659976
296.0,149.98684329438407
297.0,149.98679884214204
298.0,149.98675438987365
299.0,149.98670993757892
300.0,149.98666548525784
301.0,149.98662103291042
302.0,149.98657658053665
303.0,149.98653212813653
304.0,149.98648767571004
305.0,149.9864432232572
306.0,149.986398770778
307.0,149.98635431827248
308.0,149.9863098657406
309.0,149.98626541318237
310.0,149.9862209605978
311.0,149.98617650798687
312.0,149.9861320553496
313.0,149.98608760268598
314.0,149.98604314999602
315.0,149.98599869727968
316.0,149.985954244537
317.0,149.98590979176797
318.0,149.9858653389726
319.0,149.98582088615086
320.0,149.9857764333028
321.0,149.98573198042837
322.0,149.9856875275276
323.0,149.9856430746005
324.0,149.98559862164703
325.0,149.9855541686672
326.0,149.985509715661
327.0,149.98546526262848
328.0,149.9854208095696
329.0,149.98537635648438
330.0,149.9853319033728
331.0,149.9852874502349
332.0,149.98524299707063
333.0,149.98519854388
334.0,149.985154090663
335.0,149.98510963741967
336.0,149.98506518415
337.0,149.98502073085396
338.0,149.9849762775316
339.0,149.98493182418287
340.0,149.9848873708078
341.0,149.98484291740635
342.0,149.98479846397856
343.0,149.98475401052443
344.0,149.98470955704394
345.0,149.9846651035371
346.0,149.98462065000393
347.0,149.9845761964444
348.0,149.98453174285854
349.0,149.9844872892463
350.0,149.9844428356077
351.0,149.98439838194275
352.0,149.98435392825147
353.0,149.98430947453383
354.0,149.98426502078985
355.0,149.9842205670195
356.0,149.9841761132228
357.0,149.98413165939974
358.0,149.98408720555034
359.0,149.9840427516746
360.0,149.9839982977725
361.0,149.98395384384406
362.0,149.98390938988925
363.0,149.9838649359081
364.0,149.98382048190058
365.0,149.98377602786672
366.0,149.98373157380652
367.0,149.98368711971997
368.0,149.98364266560705
369.0,149.98359821146778
370.0,149.98355375730216
371.0,149.9835093031102
372.0,149.98346484889188
373.0,149.9834203946472
374.0,149.98337594037616
375.0,149.98333148607878
376.0,149.98328703175505
377.0,149.98324257740498
378.0,149.98319812302856
379.0,149.98315366862576
380.0,149.98310921419662
381.0,149.98306475974113
382.0,149.9830203052593
383.0,149.9829758507511
384.0,149.98293139621654
385.0,149.98288694165564
386.0,149.98284248706838
387.0,149.98279803245478
388.0,149.98275357781483
389.0,149.9827091231485
390.0,149.98266466845584
391.0,149.98262021373682
392.0,149.98257575899146
393.0,149.98253130421975
394.0,149.98248684942166
395.0,149.98244239459723
396.0,149.98239793974645
397.0,149.98235348486932
398.0,149.98230902996585
399.0,149.982264575036
400.0,149.9822201200798
401.0,149.98217566509726
402.0,149.98213121008837
403.0,149.98208675505313
404.0,149.98204229999152
405.0,149.98199784490356
406.0,149.98195338978925
407.0,149.9819089346486
408.0,149.98186447948157
409.0,149.9818200242882
410.0,149.98177556906847
411.0,149.9817311138224
412.0,149.98168665855
413.0,149.9816422032512
414.0,149.98159774792606
415.0,149.98155329257457
416.0,149.98150883719674
417.0,149.98146438179253
418.0,149.98141992636198
419.0,149.98137547090508
420.0,149.98133101542183
421.0,149.9812865599122
422.0,149.98124210437624
423.0,149.98119764881392
424.0,149.98115319322525
425.0,149.9811087376102
426.0,149.98106428196883
427.0,149.9810198263011
428.0,149.980975370607
429.0,149.98093091488656
430.0,149.98088645913975
431.0,149.9808420033666
432.0,149.9807975475671
433.0,149.98075309174124
434.0,149.98070863588902
435.0,149.98066418001045
436.0,149.98061972410554
437.0,149.98057526817425
438.0,149.9805308122166
439.0,149.98048635623263
440.0,149.9804419002223
441.0,149.9803974441856
442.0,149.98035298812255
443.0,149.98030853203315
444.0,149.98026407591738
445.0,149.98021961977526
446.0,149.9801751636068
447.0,149.98013070741197
448.0,149.98008625119078
449.0,149.98004179494325
450.0,149.97999733866936
451.0,149.9799528823691
452.0,149.9799084260425
453.0,149.97986396968955
454.0,149.97981951331025
455.0,149.97977505690457
456.0,149.97973060047255
457.0,149.97968614401418
458.0,149.97964168752944
459.0,149.97959723101835
460.0,149.9795527744809
461.0,149.97950831791712
462.0,149.97946386132696
463.0,149.97941940471046
464.0,149.9793749480676
465.0,149.97933049139837
466.0,149.9792860347028
467.0,149.97924157798087
468.0,149.97919712123257
469.0,149.97915266445793
470.0,149.97910820765694
471.0,149.9790637508296
472.0,149.97901929397588
473.0,149.97897483709582
474.0,149.9789303801894
475.0,149.97888592325663
476.0,149.9788414662975
477.0,149.97879700931202
478.0,149.97875255230016
479.0,149.97870809526196
480.0,149.97866363819742
481.0,149.9786191811065
482.0,149.97857472398923
483.0,149.9785302668456
484.0,149.97848580967562
485.0,149.97844135247928
486.0,149.9783968952566
487.0,149.97835243800753
488.0,149.97830798073213
489.0,149.97826352343037
490.0,149.97821906610224
491.0,149.97817460874776
492.0,149.97813015136694
493.0,149.97808569395974
494.0,149.9780412365262
495.0,149.9779967790663
496.0,149.97795232158003
497.0,149.97790786406742
498.0,149.97786340652846
499.0,149.97781894896312
500.0,149.97777449137143
501.0,149.9777300337534
502.0,149.977685576109
503.0,149.97764111843824
504.0,149.9775966607411
505.0,149.97755220301764
506.0,149.97750774526781
507.0,149.97746328749162
508.0,149.97741882968907
509.0,149.97737437186018
510.0,149.9773299140049
511.0,149.9772854561233
512.0,149.97724099821534
513.0,149.977196540281
514.0,149.97715208232032
515.0,149.97710762433326
516.0,149.97706316631985
517.0,149.9770187082801
518.0,149.97697425021397
519.0,149.9769297921215
520.0,149.97688533400267
521.0,149.97684087585748
522.0,149.97679641768593
523.0,149.976751959488
524.0,149.97670750126375
525.0,149.97666304301313
526.0,149.97661858473614
527.0,149.9765741264328
528.0,149.97652966810313
529.0,149.97648520974707
530.0,149.97644075136466
531.0,149.97639629295588
532.0,149.97635183452076
533.0,149.97630737605928
534.0,149.97626291757143
535.0,149.97621845905724
536.0,149.97617400051666
537.0,149.97612954194975
538.0,149.97608508335648
539.0,149.97604062473684
540.0,149.97599616609085
541.0,149.9759517074185
542.0,149.97590724871978
543.0,149.97586278999472
544.0,149.9758183312433
545.0,149.9757738724655
546.0,149.97572941366136
547.0,149.97568495483085
548.0,149.97564049597398
549.0,149.97559603709075
550.0,149.97555157818118
551.0,149.97550711924524
552.0,149.97546266028294
553.0,149.97541820129427
554.0,149.97537374227926
555.0,149.97532928323787
556.0,149.97528482417013
557.0,149.97524036507605
558.0,149.9751959059556
559.0,149.97515144680878
560.0,149.9751069876356
561.0,149.97506252843607
562.0,149.97501806921017
563.0,149.9749736099579
564.0,149.97492915067932
565.0,149.97488469137434
566.0,149.97484023204302
567.0,149.97479577268533
568.0,149.97475131330128
569.0,149.97470685389086
570.0,149.9746623944541
571.0,149.97461793499096
572.0,149.97457347550147
573.0,149.97452901598564
574.0,149.97448455644343
575.0,149.97444009687487
576.0,149.97439563727994
577.0,149.97435117765866
578.0,149.974306718011
579.0,149.974262258337
580.0,149.97421779863663
581.0,149.9741733389099
582.0,149.9741288791568
583.0,149.97408441937736
584.0,149.97403995957157
585.0,149.9739954997394
586.0,149.9739510398809
587.0,149.973906579996
588.0,149.97386212008476
589.0,149.97381766014715
590.0,149.9737732001832
591.0,149.97372874019285
592.0,149.97368428017617
593.0,149.97363982013312
594.0,149.9735953600637
595.0,149.97355089996793
596.0,149.9735064398458
597.0,149.9734619796973
598.0,149.97341751952246
599.0,149.97337305932123
600.0,149.97332859909366
601.0,149.97328413883972
602.0,149.97323967855942
603.0,149.97319521825276
604.0,149.97315075791974
605.0,149.97310629756035
606.0,149.9730618371746
607.0,149.9730173767625
608.0,149.97297291632404
609.0,149.9729284558592
610.0,149.97288399536802
611.0,149.97283953485046
612.0,149.97279507430656
613.0,149.97275061373628
614.0,149.97270615313965
615.0,149.97266169251665
616.0,149.9726172318673
617.0,149.97257277119158
618.0,149.9725283104895
619.0,149.97248384976106
620.0,149.97243938900627
621.0,149.9723949282251
622.0,149.97235046741758
623.0,149.9723060065837
624.0,149.97226154572346
625.0,149.97221708483684
626.0,149.97217262392388
627.0,149.97212816298455
628.0,149.97208370201886
629.0,149.9720392410268
630.0,149.9719947800084
631.0,149.97195031896362
632.0,149.97190585789247
633.0,149.97186139679496
634.0,149.9718169356711
635.0,149.97177247452086
636.0,149.97172801334426
637.0,149.97168355214131
638.0,149.971639090912
639.0,149.97159462965632
640.0,149.97155016837428
641.0,149.9715057070659
642.0,149.97146124573112
643.0,149.97141678437
644.0,149.97137232298252
645.0,149.97132786156865
646.0,149.97128340012844
647.0,149.97123893866186
648.0,149.97119447716892
649.0,149.9711500156496
650.0,149.97110555410396
651.0,149.97106109253193
652.0,149.97101663093355
653.0,149.9709721693088
654.0,149.97092770765767
655.0,149.9708832459802
656.0,149.97083878427634
657.0,149.97079432254614
658.0,149.97074986078957
659.0,149.97070539900665
660.0,149.97066093719735
661.0,149.97061647536168
662.0,149.97057201349966
663.0,149.97052755161127
664.0,149.97048308969653
665.0,149.9704386277554
666.0,149.97039416578795
667.0,149.9703497037941
668.0,149.9703052417739
669.0,149.97026077972734
670.0,149.9702163176544
671.0,149.97017185555512
672.0,149.97012739342946
673.0,149.97008293127743
674.0,149.97003846909905
675.0,149.9699940068943
676.0,149.9699495446632
677.0,149.96990508240572
678.0,149.9698606201219
679.0,149.9698161578117
680.0,149.96977169547512
681.0,149.9697272331122
682.0,149.9696827707229
683.0,149.96963830830725
684.0,149.96959384586523
685.0,149.96954938339684
686.0,149.9695049209021
687.0,149.96946045838098
688.0,149.9694159958335
689.0,149.96937153325965
690.0,149.96932707065943
691.0,149.96928260803287
692.0,149.96923814537993
693.0,149.96919368270062
694.0,149.96914921999496
695.0,149.96910475726293
696.0,149.96906029450454
697.0,149.9690158317198
698.0,149.96897136890865
699.0,149.96892690607118
700.0,149.96888244320732
701.0,149.9688379803171
702.0,149.9687935174005
703.0,149.96874905445756
704.0,149.96870459148826
705.0,149.9686601284926
706.0,149.96861566547054
707.0,149.96857120242214
708.0,149.96852673934737
709.0,149.96848227624622
710.0,149.96843781311873
711.0,149.96839334996486
712.0,149.9683488867846
713.0,149.96830442357802
714.0,149.96825996034505
715.0,149.96821549708574
716.0,149.96817103380005
717.0,149.96812657048798
718.0,149.96808210714957
719.0,149.96803764378478
720.0,149.96799318039362
721.0,149.9679487169761
722.0,149.96790425353223
723.0,149.96785979006196
724.0,149.96781532656536
725.0,149.96777086304238
726.0,149.96772639949302
727.0,149.9676819359173
728.0,149.96763747231523
729.0,149.96759300868678
730.0,149.96754854503197
731.0,149.9675040813508
732.0,149.96745961764324
733.0,149.96741515390934
734.0,149.96737069014907
735.0,149.96732622636242
736.0,149.96728176254942
737.0,149.96723729871005
738.0,149.9671928348443
739.0,149.9671483709522
740.0,149.96710390703373
741.0,149.96705944308889
742.0,149.9670149791177
743.0,149.96697051512012
744.0,149.96692605109618
745.0,149.96688158704586
746.0,149.9668371229692
747.0,149.96679265886615
748.0,149.96674819473674
749.0,149.96670373058097
750.0,149.96665926639884
751.0,149.96661480219032
752.0,149.96657033795546
753.0,149.96652587369422
754.0,149.9664814094066
755.0,149.96643694509265
756.0,149.96639248075232
757.0,149.9663480163856
758.0,149.96630355199252
759.0,149.9662590875731
760.0,149.96621462312729
761.0,149.9661701586551
762.0,149.96612569415657
763.0,149.96608122963167
764.0,149.9660367650804
765.0,149.96599230050273
766.0,149.96594783589873
767.0,149.96590337126835
768.0,149.9658589066116
769.0,149.9658144419285
770.0,149.96576997721903
771.0,149.96572551248317
772.0,149.96568104772095
773.0,149.96563658293238
774.0,149.96559211811743
775.0,149.9655476532761
776.0,149.9655031884084
777.0,149.96545872351436
778.0,149.96541425859394
779.0,149.96536979364714
780.0,149.965325328674
781.0,149.96528086367448
782.0,149.96523639864859
783.0,149.96519193359632
784.0,149.9651474685177
785.0,149.9651030034127
786.0,149.96505853828134
787.0,149.9650140731236
788.0,149.9649696079395
789.0,149.96492514272904
790.0,149.9648806774922
791.0,149.964836212229
792.0,149.96479174693943
793.0,149.9647472816235
794.0,149.96470281628118
795.0,149.9646583509125
796.0,149.96461388551745
797.0,149.96456942009604
798.0,149.96452495464825
799.0,149.9644804891741
800.0,149.96443602367358
801.0,149.9643915581467
802.0,149.96434709259344
803.0,149.9643026270138
804.0,149.9642581614078
805.0,149.96421369577544
806.0,149.9641692301167
807.0,149.9641247644316
808.0,149.96408029872012
809.0,149.9640358329823
810.0,149.96399136721809
811.0,149.9639469014275
812.0,149.96390243561055
813.0,149.96385796976722
814.0,149.96381350389754
815.0,149.9637690380015
816.0,149.96372457207906
817.0,149.96368010613025
818.0,149.9636356401551
819.0,149.96359117415358
820.0,149.96354670812568
821.0,149.9635022420714
822.0,149.96345777599075
823.0,149.96341330988375
824.0,149.96336884375037
825.0,149.96332437759062
826.0,149.9632799114045
827.0,149.963235445192
828.0,149.96319097895315
829.0,149.96314651268793
830.0,149.96310204639633
831.0,149.96305758007836
832.0,149.963013113734
833.0,149.9629686473633
834.0,149.96292418096624
835.0,149.9628797145428
836.0,149.96283524809297
837.0,149.96279078161677
838.0,149.9627463151142
839.0,149.96270184858528
840.0,149.96265738203
841.0,149.96261291544832
842.0,149.96256844884027
843.0,149.96252398220585
844.0,149.96247951554508
845.0,149.96243504885794
846.0,149.96239058214442
847.0,149.96234611540453
848.0,149.96230164863826
849.0,149.96225718184562
850.0,149.96221271502662
851.0,149.96216824818126
852.0,149.96212378130951
853.0,149.9620793144114
854.0,149.9620348474869
855.0,149.96199038053604
856.0,149.96194591355882
857.0,149.96190144655523
858.0,149.96185697952527
859.0,149.96181251246892
860.0,149.9617680453862
861.0,149.96172357827712
862.0,149.96167911114165
863.0,149.96163464397983
864.0,149.96159017679165
865.0,149.96154570957708
866.0,149.96150124233614
867.0,149.96145677506883
868.0,149.96141230777513
869.0,149.9613678404551
870.0,149.96132337310868
871.0,149.9612789057359
872.0,149.96123443833673
873.0,149.9611899709112
874.0,149.96114550345928
875.0,149.961101035981
876.0,149.96105656847632
877.0,149.9610121009453
878.0,149.96096763338792
879.0,149.96092316580416
880.0,149.96087869819402
881.0,149.9608342305575
882.0,149.96078976289462
883.0,149.96074529520536
884.0,149.96070082748972
885.0,149.96065635974773
886.0,149.96061189197937
887.0,149.96056742418463
888.0,149.96052295636352
889.0,149.96047848851603
890.0,149.96043402064217
891.0,149.96038955274193
892.0,149.96034508481532
893.0,149.96030061686233
894.0,149.960256148883
895.0,149.96021168087728
896.0,149.9601672128452
897.0,149.96012274478673
898.0,149.9600782767019
899.0,149.96003380859068
900.0,149.9599893404531
901.0,149.95994487228913
902.0,149.9599004040988
903.0,149.95985593588208
904.0,149.959811467639
905.0,149.95976699936958
906.0,149.95972253107377
907.0,149.95967806275158
908.0,149.95963359440302
909.0,149.95958912602808
910.0,149.95954465762676
911.0,149.95950018919908
912.0,149.959455720745
913.0,149.95941125226457
914.0,149.95936678375776
915.0,149.9593223152246
916.0,149.95927784666506
917.0,149.95923337807915
918.0,149.95918890946686
919.0,149.9591444408282
920.0,149.95909997216316
921.0,149.95905550347175
922.0,149.95901103475396
923.0,149.9589665660098
924.0,149.95892209723925
925.0,149.95887762844234
926.0,149.95883315961905
927.0,149.95878869076938
928.0,149.95874422189334
929.0,149.95869975299092
930.0,149.95865528406216
931.0,149.95861081510702
932.0,149.9585663461255
933.0,149.95852187711762
934.0,149.95847740808335
935.0,149.9584329390227
936.0,149.9583884699357
937.0,149.9583440008223
938.0,149.95829953168254
939.0,149.9582550625164
940.0,149.95821059332388
941.0,149.958166124105
942.0,149.95812165485972
943.0,149.95807718558808
944.0,149.95803271629006
945.0,149.95798824696567
946.0,149.9579437776149
947.0,149.95789930823776
948.0,149.95785483883424
949.0,149.95781036940434
950.0,149.95776589994807
951.0,149.95772143046543
952.0,149.9576769609564
953.0,149.957632491421
954.0,149.95758802185927
955.0,149.95754355227115
956.0,149.95749908265665
957.0,149.95745461301578
958.0,149.95741014334854
959.0,149.95736567365492
960.0,149.95732120393492
961.0,149.95727673418855
962.0,149.9572322644158
963.0,149.9571877946167
964.0,149.9571433247912
965.0,149.95709885493932
966.0,149.95705438506107
967.0,149.95700991515645
968.0,149.95696544522545
969.0,149.95692097526808
970.0,149.95687650528433
971.0,149.9568320352742
972.0,149.9567875652377
973.0,149.95674309517483
974.0,149.95669862508558
975.0,149.95665415496995
976.0,149.95660968482795
977.0,149.95656521465958
978.0,149.95652074446483
979.0,149.9564762742437
980.0,149.9564318039962
981.0,149.95638733372232
982.0,149.95634286342207
983.0,149.95629839309544
984.0,149.95625392274243
985.0,149.95620945236305
986.0,149.9561649819573
987.0,149.95612051152517
988.0,149.95607604106667
989.0,149.95603157058176
990.0,149.95598710007047
991.0,149.9559426295328
992.0,149.95589815896878
993.0,149.95585368837837
994.0,149.95580921776158
995.0,149.95576474711842
996.0,149.9557202764489
997.0,149.95567580575297
998.0,149.9556313350307
999.0,149.95558686428203
1000.0,149.955542393507
1001.0,149.95549792270558
1002.0,149.9554534518778
1003.0,149.95540898102362
1004.0,149.95536451014308
1005.0,149.95532003923617
1006.0,149.95527556830288
1007.0,149.95523109734322
1008.0,149.95518662635718
1009.0,149.95514215534476
1010.0,149.95509768430597
1011.0,149.9550532132408
1012.0,149.95500874214926
1013.0,149.95496427103134
1014.0,149.95491979988702
1015.0,149.95487532871633
1016.0,149.95483085751926
1017.0,149.9547863862958
1018.0,149.954741915046
1019.0,149.9546974437698
1020.0,149.95465297246722
1021.0,149.95460850113827
1022.0,149.95456402978294
1023.0,149.95451955840124
1024.0,149.95447508699317
1025.0,149.95443061555872
1026.0,149.9543861440979
1027.0,149.9543416726107
1028.0,149.95429720109712
1029.0,149.95425272955714
1030.0,149.95420825799079
1031.0,149.95416378639806
1032.0,149.95411931477895
1033.0,149.95407484313347
1034.0,149.9540303714616
1035.0,149.95398589976338
1036.0,149.95394142803877
1037.0,149.9538969562878
1038.0,149.95385248451043
1039.0,149.9538080127067
1040.0,149.95376354087657
1041.0,149.95371906902005
1042.0,149.95367459713717
1043.0,149.9536301252279
1044.0,149.95358565329227
1045.0,149.95354118133025
1046.0,149.95349670934186
1047.0,149.9534522373271
1048.0,149.95340776528596
1049.0,149.95336329321844
1050.0,149.95331882112453
1051.0,149.95327434900423
1052.0,149.95322987685756
1053.0,149.95318540468452
1054.0,149.9531409324851
1055.0,149.9530964602593
1056.0,149.95305198800713
1057.0,149.9530075157286
1058.0,149.95296304342367
1059.0,149.95291857109234
1060.0,149.95287409873464
1061.0,149.95282962635056
1062.0,149.9527851539401
1063.0,149.9527406815033
1064.0,149.95269620904008
1065.0,149.9526517365505
1066.0,149.95260726403455
1067.0,149.9525627914922
1068.0,149.95251831892347
1069.0,149.95247384632836
1070.0,149.95242937370688
1071.0,149.95238490105902
1072.0,149.9523404283848
1073.0,149.95229595568418
1074.0,149.95225148295717
1075.0,149.95220701020378
1076.0,149.95216253742402
1077.0,149.95211806461788
1078.0,149.95207359178536
1079.0,149.95202911892648
1080.0,149.9519846460412
1081.0,149.95194017312954
1082.0,149.9518957001915
1083.0,149.95185122722708
1084.0,149.9518067542363
1085.0,149.95176228121912
1086.0,149.95171780817557
1087.0,149.95167333510565
1088.0,149.95162886200933
1089.0,149.95158438888663
1090.0,149.95153991573756
1091.0,149.9514954425621
1092.0,149.95145096936028
1093.0,149.95140649613208
1094.0,149.95136202287748
1095.0,149.9513175495965
1096.0,149.95127307628914
1097.0,149.9512286029554
1098.0,149.9511841295953
1099.0,149.95113965620882
1100.0,149.95109518279594
1101.0,149.95105070935668
1102.0,149.95100623589104
1103.0,149.95096176239903
1104.0,149.95091728888065
1105.0,149.95087281533586
1106.0,149.9508283417647
1107.0,149.95078386816715
1108.0,149.95073939454323
1109.0,149.95069492089294
1110.0,149.95065044721625
1111.0,149.95060597351318
1112.0,149.95056149978373
1113.0,149.9505170260279
1114.0,149.9504725522457
1115.0,149.95042807843714
1116.0,149.95038360460217
1117.0,149.95033913074082
1118.0,149.9502946568531
1119.0,149.950250182939
1120.0,149.9502057089985
1121.0,149.95016123503163
1122.0,149.95011676103837
1123.0,149.95007228701874
1124.0,149.95002781297273
1125.0,149.94998333890032
1126.0,149.94993886480154
1127.0,149.94989439067638
1128.0,149.94984991652484
1129.0,149.94980544234693
1130.0,149.9497609681426
1131.0,149.94971649391192
1132.0,149.94967201965486
1133.0,149.9496275453714
1134.0,149.9495830710616
1135.0,149.94953859672538
1136.0,149.94949412236278
1137.0,149.9494496479738
1138.0,149.94940517355846
1139.0,149.9493606991167
1140.0,149.94931622464858
1141.0,149.94927175015408
1142.0,149.9492272756332
1143.0,149.94918280108593
1144.0,149.94913832651227
1145.0,149.94909385191224
1146.0,149.94904937728583
1147.0,149.94900490263302
1148.0,149.94896042795384
1149.0,149.94891595324827
1150.0,149.94887147851634
1151.0,149.94882700375803
1152.0,149.9487825289733
1153.0,149.94873805416222
1154.0,149.94869357932475
1155.0,149.9486491044609
1156.0,149.94860462957067
1157.0,149.94856015465405
1158.0,149.94851567971105
1159.0,149.94847120474165
1160.0,149.94842672974588
1161.0,149.94838225472373
1162.0,149.9483377796752
1163.0,149.94829330460027
1164.0,149.94824882949897
1165.0,149.94820435437128
1166.0,149.94815987921723
1167.0,149.94811540403677
1168.0,149.94807092882994
1169.0,149.94802645359673
1170.0,149.94798197833714
1171.0,149.94793750305115
1172.0,149.9478930277388
1173.0,149.94784855240005
1174.0,149.9478040770349
1175.0,149.94775960164338
1176.0,149.9477151262255
1177.0,149.94767065078122
1178.0,149.94762617531055
1179.0,149.9475816998135
1180.0,149.94753722429007
1181.0,149.94749274874025
1182.0,149.94744827316404
1183.0,149.94740379756146
1184.0,149.9473593219325
1185.0,149.94731484627715
1186.0,149.94727037059542
1187.0,149.9472258948873
1188.0,149.9471814191528
1189.0,149.9471369433919
1190.0,149.94709246760465
1191.0,149.947047991791
1192.0,149.94700351595097
1193.0,149.94695904008455
1194.0,149.94691456419176
1195.0,149.94687008827256
1196.0,149.946825612327
1197.0,149.94678113635504
1198.0,149.9467366603567
1199.0,149.94669218433197
1200.0,149.94664770828086
1201.0,149.94660323220336
1202.0,149.94655875609948
1203.0,149.94651427996922
1204.0,149.94646980381256
1205.0,149.94642532762953
1206.0,149.94638085142012
1207.0,149.94633637518433
1208.0,149.94629189892214
1209.0,149.94624742263358
1210.0,149.94620294631864
1211.0,149.9461584699773
1212.0,149.94611399360957
1213.0,149.94606951721548
1214.0,149.94602504079498
1215.0,149.9459805643481
1216.0,149.94593608787486
1217.0,149.9458916113752
1218.0,149.94584713484917
1219.0,149.94580265829677
1220.0,149.94575818171796
1221.0,149.94571370511278
1222.0,149.9456692284812
1223.0,149.94562475182323
1224.0,149.9455802751389
1225.0,149.94553579842815
1226.0,149.94549132169104
1227.0,149.94544684492755
1228.0,149.94540236813765
1229.0,149.94535789132138
1230.0,149.94531341447873
1231.0,149.94526893760968
1232.0,149.94522446071426
1233.0,149.94517998379246
1234.0,149.94513550684425
1235.0,149.94509102986967
1236.0,149.94504655286872
1237.0,149.94500207584136
1238.0,149.94495759878762
1239.0,149.9449131217075
1240.0,149.94486864460097
1241.0,149.94482416746808
1242.0,149.9447796903088
1243.0,149.94473521312312
1244.0,149.94469073591108
1245.0,149.94464625867263
1246.0,149.9446017814078
1247.0,149.94455730411659
1248.0,149.94451282679898
1249.0,149.944468349455
1250.0,149.94442387208463
1251.0,149.94437939468787
1252.0,149.94433491726474
1253.0,149.9442904398152
1254.0,149.9442459623393
1255.0,149.94420148483698
1256.0,149.9441570073083
1257.0,149.94411252975323
1258.0,149.94406805217176
1259.0,149.94402357456391
1260.0,149.94397909692967
1261.0,149.94393461926904
1262.0,149.94389014158205
1263.0,149.94384566386864
1264.0,149.94380118612887
1265.0,149.94375670836268
1266.0,149.94371223057013
1267.0,149.9436677527512
1268.0,149.94362327490586
1269.0,149.94357879703415
1270.0,149.94353431913603
1271.0,149.94348984121154
1272.0,149.94344536326068
1273.0,149.9434008852834
1274.0,149.94335640727977
1275.0,149.94331192924972
1276.0,149.9432674511933
1277.0,149.94322297311047
1278.0,149.94317849500126
1279.0,149.94313401686568
1280.0,149.9430895387037
1281.0,149.94304506051535
1282.0,149.94300058230058
1283.0,149.94295610405945
1284.0,149.9429116257919
1285.0,149.942867147498
1286.0,149.9428226691777
1287.0,149.942778190831
1288.0,149.94273371245794
1289.0,149.94268923405846
1290.0,149.9426447556326
1291.0,149.94260027718036
1292.0,149.94255579870173
1293.0,149.94251132019673
1294.0,149.94246684166532
1295.0,149.94242236310754
1296.0,149.94237788452335
1297.0,149.9423334059128
1298.0,149.94228892727583
1299.0,149.94224444861248
1300.0,149.94219996992274
1301.0,149.94215549120662
1302.0,149.9421110124641
1303.0,149.9420665336952
1304.0,149.94202205489992
1305.0,149.94197757607824
1306.0,149.9419330972302
1307.0,149.94188861835573
1308.0,149.9418441394549
1309.0,149.94179966052766
1310.0,149.94175518157405
1311.0,149.94171070259404
1312.0,149.94166622358765
1313.0,149.94162174455485
1314.0,149.94157726549568
1315.0,149.9415327864101
1316.0,149.94148830729816
1317.0,149.9414438281598
1318.0,149.94139934899508
1319.0,149.94135486980397
1320.0,149.94131039058647
1321.0,149.94126591134258
1322.0,149.9412214320723
1323.0,149.94117695277563
1324.0,149.94113247345257
1325.0,149.94108799410313
1326.0,149.94104351472728
1327.0,149.94099903532506
1328.0,149.94095455589644
1329.0,149.94091007644144
1330.0,149.94086559696004
1331.0,149.94082111745226
1332.0,149.94077663791808
1333.0,149.94073215835752
1334.0,149.94068767877056
1335.0,149.94064319915722
1336.0,149.94059871951748
1337.0,149.94055423985137
1338.0,149.94050976015885
1339.0,149.94046528043995
1340.0,149.94042080069465
1341.0,149.94037632092298
1342.0,149.9403318411249
1343.0,149.94028736130045
1344.0,149.9402428814496
1345.0,149.94019840157236
1346.0,149.94015392166872
1347.0,149.9401094417387
1348.0,149.9400649617823
1349.0,149.9400204817995
1350.0,149.9399760017903
1351.0,149.93993152175474
1352.0,149.93988704169277
1353.0,149.9398425616044
1354.0,149.93979808148964
1355.0,149.93975360134849
1356.0,149.93970912118095
1357.0,149.93966464098702
1358.0,149.9396201607667
1359.0,149.93957568052
1360.0,149.9395312002469
1361.0,149.9394867199474
1362.0,149.93944223962154
1363.0,149.93939775926927
1364.0,149.93935327889062
1365.0,149.93930879848557
1366.0,149.93926431805414
1367.0,149.9392198375963
1368.0,149.93917535711208
1369.0,149.93913087660147
1370.0,149.93908639606445
1371.0,149.93904191550106
1372.0,149.93899743491127
1373.0,149.9389529542951
1374.0,149.93890847365253
1375.0,149.93886399298358
1376.0,149.93881951228823
1377.0,149.93877503156648
1378.0,149.93873055081835
1379.0,149.93868607004381
1380.0,149.9386415892429
1381.0,149.9385971084156
1382.0,149.9385526275619
1383.0,149.9385081466818
1384.0,149.93846366577534
1385.0,149.93841918484247
1386.0,149.9383747038832
1387.0,149.93833022289755
1388.0,149.9382857418855
1389.0,149.93824126084706
1390.0,149.93819677978223
1391.0,149.93815229869102
1392.0,149.9381078175734
1393.0,149.9380633364294
1394.0,149.938018855259
1395.0,149.9379743740622
1396.0,149.93792989283904
1397.0,149.93788541158946
1398.0,149.93784093031348
1399.0,149.93779644901113
1400.0,149.93775196768237
1401.0,149.93770748632724
1402.0,149.9376630049457
1403.0,149.93761852353776
1404.0,149.93757404210345
1405.0,149.93752956064273
1406.0,149.93748507915564
1407.0,149.93744059764214
1408.0,149.93739611610224
1409.0,149.93735163453596
1410.0,149.93730715294328
1411.0,149.93726267132422
1412.0,149.93721818967876
1413.0,149.9371737080069
1414.0,149.93712922630866
1415.0,149.937084744584
1416.0,149.937040262833
1417.0,149.93699578105557
1418.0,149.93695129925175
1419.0,149.93690681742154
1420.0,149.93686233556494
1421.0,149.93681785368196
1422.0,149.93677337177257
1423.0,149.9367288898368
1424.0,149.93668440787462
1425.0,149.93663992588606
1426.0,149.93659544387108
1427.0,149.93655096182974
1428.0,149.936506479762
1429.0,149.93646199766786
1430.0,149.93641751554733
1431.0,149.9363730334004
1432.0,149.9363285512271
1433.0,149.93628406902738
1434.0,149.93623958680126
1435.0,149.93619510454877
1436.0,149.93615062226988
1437.0,149.93610613996458
1438.0,149.9360616576329
1439.0,149.93601717527483
1440.0,149.93597269289037
1441.0,149.93592821047952
1442.0,149.93588372804226
1443.0,149.93583924557862
1444.0,149.93579476308858
1445.0,149.93575028057214
1446.0,149.93570579802932
1447.0,149.9356613154601
1448.0,149.93561683286447
1449.0,149.93557235024247
1450.0,149.93552786759406
1451.0,149.93548338491925
1452.0,149.93543890221807
1453.0,149.93539441949048
1454.0,149.9353499367365
1455.0,149.93530545395612
1456.0,149.93526097114935
1457.0,149.93521648831617
1458.0,149.93517200545662
1459.0,149.93512752257067
1460.0,149.9350830396583
1461.0,149.93503855671958
1462.0,149.93499407375444
1463.0,149.9349495907629
1464.0,149.93490510774498
1465.0,149.93486062470066
1466.0,149.93481614162994
1467.0,149.93477165853284
1468.0,149.93472717540934
1469.0,149.93468269225943
1470.0,149.93463820908315
1471.0,149.93459372588046
1472.0,149.93454924265137
1473.0,149.9345047593959
1474.0,149.93446027611404
1475.0,149.93441579280577
1476.0,149.9343713094711
1477.0,149.93432682611004
1478.0,149.93428234272258
1479.0,149.93423785930872
1480.0,149.9341933758685
1481.0,149.93414889240185
1482.0,149.9341044089088
1483.0,149.9340599253894
1484.0,149.93401544184357
1485.0,149.93397095827135
1486.0,149.93392647467272
1487.0,149.9338819910477
1488.0,149.9338375073963
1489.0,149.9337930237185
1490.0,149.9337485400143
1491.0,149.93370405628372
1492.0,149.93365957252672
1493.0,149.93361508874332
1494.0,149.93357060493355
1495.0,149.93352612109737
1496.0,149.9334816372348
1497.0,149.93343715334584
1498.0,149.93339266943048
1499.0,149.9333481854887
1500.0,149.93330370152054
1501.0,149.933259217526
1502.0,149.93321473350505
1503.0,149.9331702494577
1504.0,149.93312576538395
1505.0,149.93308128128382
1506.0,149.93303679715729
1507.0,149.93299231300435
1508.0,149.932947828825
1509.0,149.9329033446193
1510.0,149.93285886038717
1511.0,149.93281437612865
1512.0,149.93276989184375
1513.0,149.93272540753244
1514.0,149.93268092319474
1515.0,149.93263643883063
1516.0,149.93259195444014
1517.0,149.93254747002325
1518.0,149.93250298557996
1519.0,149.93245850111026
1520.0,149.9324140166142
1521.0,149.9323695320917
1522.0,149.93232504754283
1523.0,149.93228056296755
1524.0,149.93223607836586
1525.0,149.9321915937378
1526.0,149.93214710908333
1527.0,149.93210262440246
1528.0,149.9320581396952
1529.0,149.93201365496154
1530.0,149.93196917020148
1531.0,149.93192468541503
1532.0,149.93188020060217
1533.0,149.93183571576293
1534.0,149.9317912308973
1535.0,149.93174674600525
1536.0,149.9317022610868
1537.0,149.93165777614195
1538.0,149.93161329117072
1539.0,149.9315688061731
1540.0,149.93152432114906
1541.0,149.93147983609862
1542.0,149.9314353510218
1543.0,149.9313908659186
1544.0,149.93134638078897
1545.0,149.93130189563294
1546.0,149.9312574104505
1547.0,149.9312129252417
1548.0,149.9311684400065
1549.0,149.9311239547449
1550.0,149.93107946945688
1551.0,149.93103498414246
1552.0,149.93099049880166
1553.0,149.93094601343446
1554.0,149.93090152804086
1555.0,149.93085704262086
1556.0,149.93081255717445
1557.0,149.93076807170166
1558.0,149.93072358620248
1559.0,149.93067910067688
1560.0,149.9306346151249
1561.0,149.9305901295465
1562.0,149.9305456439417
1563.0,149.93050115831053
1564.0,149.93045667265295
1565.0,149.93041218696897
1566.0,149.93036770125858
1567.0,149.9303232155218
1568.0,149.93027872975864
1569.0,149.93023424396907
1570.0,149.9301897581531
1571.0,149.9301452723107
1572.0,149.93010078644193
1573.0,149.93005630054677
1574.0,149.9300118146252
1575.0,149.92996732867724
1576.0,149.92992284270287
1577.0,149.9298783567021
1578.0,149.9298338706749
1579.0,149.92978938462136
1580.0,149.9297448985414
1581.0,149.92970041243504
1582.0,149.92965592630227
1583.0,149.9296114401431
1584.0,149.92956695395753
1585.0,149.92952246774558
1586.0,149.92947798150723
1587.0,149.92943349524248
1588.0,149.92938900895132
1589.0,149.92934452263376
1590.0,149.9293000362898
1591.0,149.92925554991942
1592.0,149.92921106352267
1593.0,149.92916657709952
1594.0,149.92912209064997
1595.0,149.929077604174
1596.0,149.92903311767165
1597.0,149.9289886311429
1598.0,149.92894414458772
1599.0,149.92889965800617
1600.0,149.92885517139823
1601.0,149.92881068476387
1602.0,149.92876619810312
1603.0,149.92872171141596
1604.0,149.9286772247024
1605.0,149.92863273796243
1606.0,149.92858825119606
1607.0,149.92854376440332
1608.0,149.92849927758417
1609.0,149.9284547907386
1610.0,149.92841030386666
1611.0,149.9283658169683
1612.0,149.92832133004353
1613.0,149.92827684309236
1614.0,149.9282323561148
1615.0,149.92818786911084
1616.0,149.9281433820805
1617.0,149.92809889502374
1618.0,149.92805440794058
1619.0,149.92800992083102
1620.0,149.92796543369505
1621.0,149.92792094653268
1622.0,149.9278764593439
1623.0,149.92783197212873
1624.0,149.92778748488718
1625.0,149.92774299761922
1626.0,149.92769851032486
1627.0,149.9276540230041
1628.0,149.92760953565693
1629.0,149.92756504828336
1630.0,149.92752056088338
1631.0,149.927476073457
1632.0,149.92743158600422
1633.0,149.92738709852503
1634.0,149.92734261101944
1635.0,149.92729812348747
1636.0,149.9272536359291
1637.0,149.92720914834433
1638.0,149.92716466073315
1639.0,149.92712017309557
1640.0,149.9270756854316
1641.0,149.9270311977412
1642.0,149.9269867100244
1643.0,149.9269422222812
1644.0,149.9268977345116
1645.0,149.9268532467156
1646.0,149.9268087588932
1647.0,149.9267642710444
1648.0,149.9267197831692
1649.0,149.92667529526761
1650.0,149.92663080733962
1651.0,149.92658631938522
1652.0,149.92654183140442
1653.0,149.92649734339722
1654.0,149.9264528553636
1655.0,149.9264083673036
1656.0,149.92636387921718
1657.0,149.92631939110436
1658.0,149.92627490296513
1659.0,149.9262304147995
1660.0,149.92618592660747
1661.0,149.92614143838904
1662.0,149.9260969501442
1663.0,149.92605246187296
1664.0,149.9260079735753
1665.0,149.9259634852513
1666.0,149.92591899690086
1667.0,149.92587450852403
1668.0,149.9258300201208
1669.0,149.92578553169116
1670.0,149.92574104323512
1671.0,149.92569655475268
1672.0,149.92565206624383
1673.0,149.92560757770858
1674.0,149.92556308914692
1675.0,149.92551860055886
1676.0,149.9254741119444
1677.0,149.92542962330353
1678.0,149.92538513463626
1679.0,149.92534064594258
1680.0,149.9252961572225
1681.0,149.92525166847602
1682.0,149.92520717970314
1683.0,149.92516269090385
1684.0,149.92511820207815
1685.0,149.92507371322606
1686.0,149.92502922434755
1687.0,149.92498473544265
1688.0,149.92494024651134
1689.0,149.92489575755363
1690.0,149.9248512685695
1691.0,149.924806779559
1692.0,149.92476229052207
1693.0,149.92471780145874
1694.0,149.924673312369
1695.0,149.92462882325287
1696.0,149.92458433411034
1697.0,149.9245398449414
1698.0,149.92449535574605
1699.0,149.9244508665243
1700.0,149.92440637727614
1701.0,149.92436188800158
1702.0,149.92431739870062
1703.0,149.92427290937326
1704.0,149.9242284200195
1705.0,149.92418393063932
1706.0,149.92413944123274
1707.0,149.92409495179976
1708.0,149.92405046234038
1709.0,149.9240059728546
1710.0,149.9239614833424
1711.0,149.9239169938038
1712.0,149.9238725042388
1713.0,149.9238280146474
1714.0,149.9237835250296
1715.0,149.92373903538538
1716.0,149.92369454571477
1717.0,149.92365005601775
1718.0,149.92360556629433
1719.0,149.9235610765445
1720.0,149.92351658676827
1721.0,149.92347209696564
1722.0,149.9234276071366
1723.0,149.92338311728116
1724.0,149.92333862739932
1725.0,149.92329413749107
1726.0,149.92324964755642
1727.0,149.92320515759536
1728.0,149.9231606676079
1729.0,149.92311617759404
1730.0,149.92307168755377
1731.0,149.92302719748707
1732.0,149.92298270739397
1733.0,149.92293821727446
1734.0,149.92289372712855
1735.0,149.92284923695624
1736.0,149.92280474675752
1737.0,149.9227602565324
1738.0,149.92271576628087
1739.0,149.92267127600294
1740.0,149.9226267856986
1741.0,149.92258229536787
1742.0,149.92253780501073
1743.0,149.9224933146272
1744.0,149.92244882421724
1745.0,149.9224043337809
1746.0,149.92235984331813
1747.0,149.92231535282897
1748.0,149.92227086231338
1749.0,149.9222263717714
1750.0,149.922181881203
1751.0,149.92213739060819
1752.0,149.92209289998698
1753.0,149.92204840933937
1754.0,149.92200391866535
1755.0,149.92195942796494
1756.0,149.9219149372381
1757.0,149.9218704464849
1758.0,149.92182595570526
1759.0,149.92178146489923
1760.0,149.9217369740668
1761.0,149.92169248320792
1762.0,149.92164799232265
1763.0,149.92160350141097
1764.0,149.9215590104729
1765.0,149.9215145195084
1766.0,149.92147002851752
1767.0,149.92142553750023
1768.0,149.92138104645653
1769.0,149.92133655538643
1770.0,149.92129206428993
1771.0,149.92124757316702
1772.0,149.92120308201768
1773.0,149.92115859084194
1774.0,149.9211140996398
1775.0,149.92106960841124
1776.0,149.9210251171563
1777.0,149.92098062587493
1778.0,149.92093613456717
1779.0,149.920891643233
1780.0,149.92084715187244
1781.0,149.92080266048544
1782.0,149.92075816907203
1783.0,149.92071367763222
1784.0,149.920669186166
1785.0,149.9206246946734
1786.0,149.92058020315437
1787.0,149.92053571160895
1788.0,149.92049122003712
1789.0,149.92044672843886
1790.0,149.9204022368142
1791.0,149.92035774516313
1792.0,149.92031325348566
1793.0,149.92026876178178
1794.0,149.9202242700515
1795.0,149.92017977829482
1796.0,149.92013528651174
1797.0,149.92009079470222
1798.0,149.9200463028663
1799.0,149.92000181100397
1800.0,149.91995731911524
1801.0,149.9199128272001
1802.0,149.91986833525857
1803.0,149.91982384329063
1804.0,149.91977935129626
1805.0,149.91973485927548
1806.0,149.9196903672283
1807.0,149.9196458751547
1808.0,149.91960138305473
1809.0,149.91955689092833
1810.0,149.91951239877554
1811.0,149.9194679065963
1812.0,149.91942341439068
1813.0,149.91937892215864
1814.0,149.9193344299002
1815.0,149.91928993761536
1816.0,149.9192454453041
1817.0,149.91920095296643
1818.0,149.91915646060235
1819.0,149.91911196821187
1820.0,149.91906747579498
1821.0,149.91902298335168
1822.0,149.91897849088198
1823.0,149.91893399838585
1824.0,149.91888950586332
1825.0,149.91884501331438
1826.0,149.91880052073904
1827.0,149.9187560281373
1828.0,149.91871153550912
1829.0,149.91866704285454
1830.0,149.91862255017355
1831.0,149.91857805746616
1832.0,149.91853356473237
1833.0,149.91848907197217
1834.0,149.91844457918555
1835.0,149.91840008637251
1836.0,149.91835559353308
1837.0,149.91831110066724
1838.0,149.918266607775
1839.0,149.91822211485632
1840.0,149.91817762191124
1841.0,149.91813312893976
1842.0,149.91808863594187
1843.0,149.91804414291758
1844.0,149.91799964986686
1845.0,149.91795515678973
1846.0,149.9179106636862
1847.0,149.91786617055627
1848.0,149.91782167739993
1849.0,149.91777718421716
1850.0,149.91773269100798
1851.0,149.9176881977724
1852.0,149.91764370451043
1853.0,149.91759921122204
1854.0,149.91755471790722
1855.0,149.917510224566
1856.0,149.91746573119838
1857.0,149.91742123780435
1858.0,149.9173767443839
1859.0,149.91733225093702
1860.0,149.91728775746375
1861.0,149.91724326396408
1862.0,149.917198770438
1863.0,149.9171542768855
1864.0,149.91710978330659
1865.0,149.91706528970127
1866.0,149.91702079606955
1867.0,149.9169763024114
1868.0,149.91693180872684
1869.0,149.91688731501588
1870.0,149.91684282127852
1871.0,149.91679832751473
1872.0,149.91675383372453
1873.0,149.91670933990792
1874.0,149.91666484606492
1875.0,149.9166203521955
1876.0,149.91657585829967
1877.0,149.91653136437742
1878.0,149.91648687042877
1879.0,149.91644237645372
1880.0,149.91639788245223
1881.0,149.91635338842434
1882.0,149.91630889437005
1883.0,149.91626440028935
1884.0,149.91621990618222
1885.0,149.9161754120487
1886.0,149.91613091788875
1887.0,149.91608642370238
1888.0,149.9160419294896
1889.0,149.91599743525043
1890.0,149.91595294098485
1891.0,149.91590844669284
1892.0,149.91586395237442
1893.0,149.9158194580296
1894.0,149.91577496365838
1895.0,149.91573046926072
1896.0,149.91568597483666
1897.0,149.9156414803862
1898.0,149.91559698590933
1899.0,149.91555249140603
1900.0,149.91550799687633
1901.0,149.91546350232022
1902.0,149.91541900773768
1903.0,149.91537451312874
1904.0,149.9153300184934
1905.0,149.91528552383164
1906.0,149.91524102914346
1907.0,149.91519653442887
1908.0,149.91515203968788
1909.0,149.91510754492046
1910.0,149.91506305012663
1911.0,149.9150185553064
1912.0,149.91497406045977
1913.0,149.9149295655867
1914.0,149.91488507068723
1915.0,149.91484057576136
1916.0,149.91479608080905
1917.0,149.91475158583034
1918.0,149.91470709082523
1919.0,149.9146625957937
1920.0,149.91461810073574
1921.0,149.91457360565138
1922.0,149.9145291105406
1923.0,149.9144846154034
1924.0,149.91444012023982
1925.0,149.91439562504982
1926.0,149.9143511298334
1927.0,149.91430663459056
1928.0,149.91426213932132
1929.0,149.91421764402565
1930.0,149.91417314870358
1931.0,149.9141286533551
1932.0,149.9140841579802
1933.0,149.9140396625789
1934.0,149.91399516715117
1935.0,149.91395067169702
1936.0,149.91390617621647
1937.0,149.91386168070952
1938.0,149.91381718517613
1939.0,149.91377268961634
1940.0,149.91372819403014
1941.0,149.91368369841751
1942.0,149.91363920277848
1943.0,149.91359470711305
1944.0,149.91355021142118
1945.0,149.9135057157029
1946.0,149.91346121995824
1947.0,149.91341672418713
1948.0,149.91337222838962
1949.0,149.9133277325657
1950.0,149.91328323671536
1951.0,149.9132387408386
1952.0,149.91319424493545
1953.0,149.91314974900587
1954.0,149.91310525304988
1955.0,149.91306075706748
1956.0,149.91301626105866
1957.0,149.91297176502343
1958.0,149.91292726896177
1959.0,149.9128827728737
1960.0,149.91283827675923
1961.0,149.91279378061833
1962.0,149.91274928445102
1963.0,149.91270478825732
1964.0,149.91266029203717
1965.0,149.91261579579063
1966.0,149.91257129951768
1967.0,149.9125268032183
1968.0,149.9124823068925
1969.0,149.9124378105403
1970.0,149.91239331416168
1971.0,149.91234881775665
1972.0,149.9123043213252
1973.0,149.91225982486733
1974.0,149.91221532838307
1975.0,149.91217083187237
1976.0,149.91212633533527
1977.0,149.91208183877174
1978.0,149.9120373421818
1979.0,149.91199284556546
1980.0,149.9119483489227
1981.0,149.91190385225352
1982.0,149.9118593555579
1983.0,149.9118148588359
1984.0,149.91177036208748
1985.0,149.91172586531263
1986.0,149.91168136851138
1987.0,149.9116368716837
1988.0,149.9115923748296
1989.0,149.91154787794912
1990.0,149.9115033810422
1991.0,149.91145888410887
1992.0,149.9114143871491
1993.0,149.91136989016294
1994.0,149.91132539315038
1995.0,149.91128089611138
1996.0,149.91123639904598
1997.0,149.91119190195414
1998.0,149.9111474048359
1999.0,149.91110290769126
2000.0,149.91105841052018
